PUNTO_VENTA;CODIGO_PDV;PV.NOMBRE||'|'||EQU.NOMBRE;SFLEX.PKG_CIFRAR.FUN_DECRYPT(EQU.DIRECCION_MAC)
17758;20279; LA 13 BELEN | LA 13 BELEN;4C:CC:6A:D7:11:7E
17764;20271; LA NOVENA | LA NOVENA;D8:BB:C1:95:CE:54
17894;20249; LA PLAZA SAN MARTIN | LA PLAZA SAN MARTIN ;A8:A1:59:99:31:F0
17927;300009; OFICINA LAS MARGARITAS | margaritas;10:9C:23:EC:2A:41
17810;302797; SP31006869EGARCIA | SP31006869EGARCIA;D9:D7:39:16:93:6E
300616;302759; TAT SP1121917278GGUASCA | TAT SP1121917278GGUASCA;DF:10:EE:84:4C:70
300616;302756; TAT SP1121917278GGUASCA | SP1121917278GGUASCA;3.55E+19
18766;302819; TAT SP1193110594LVARGAS | 4426 TAT SP1193110594LVARGAS;D0:AD:08:1C:73:01
16166;20368;1137 ASADERO BRAZA ROJA | ASADERO BRAZA ROJA;D8:BB:C1:04:39:2A
17388;20128;1489 ANOCHECER LLANERO | ANOCHECER LLANERO;30:9C:23:9B:12:C8
17375;20129;1490 ANTONIO PINILLA | ANTONIO PINILLA;4C:CC:6A:D7:12:CD
17376;20180;1491 ANTONIO PINILLA 2 | ANTONIO PINILLA 2;2C:F0:5D:22:DD:04
17377;20130;1492 ANTONIO VILLAVICENCIO | ANTONIO VILLAVICENCIO;1C:69:7A:1C:09:A5
17389;20131;1493 ARIGUANI | ARIGUANI;30:9C:23:DC:20:6F
17362;21158;1497  BUENOS AIRES 2 | BUENOS AIRES 2;30:9C:23:28:19:AE
17363;20132;1498 CAMELIAS | CAMELIAS;30:9C:23:28:1B:90
17364;20133;1501 CEMERCA | CEMERCA;30:9C:23:1F:0D:DF
17378;20134;1503 COVISAN | COVISAN;2C:F0:5D:EB:19:9C
17372;20135;1504 DANUBIO | DANUBIO;1C:69:7A:17:4F:CF
17385;20136;1505 DELIRIO | DELIRIO;1C:69:7A:1C:08:49
17365;20137;1509 ESCUELA MANANTIAL | ESCUELA MANANTIAL;2C:F0:5D:EA:89:D7
17366;20138;1511 ESTACION CUSIANA | ESTACION CUSIANA;2C:F0:5D:EA:8A:8F
17391;20139;1512 ESTERO | ESTERO;2C:F0:5D:EA:89:67
17393;20140;1516 HACARITAMA | HACARITAMA;30:9C:23:DC:50:01
17416;20141;1523 LA SALLE RELIQUIA | LA SALLE RELIQUIA;D8:CB:8A:EB:C2:61
17373;20142;1528 MANANTIAL | MANANTIAL;1C:69:7A:17:46:50
17395;20143;1531 MI LLANURA | MI LLANURA;04:7C:16:B4:17:F1
17379;20144;1533 MORICHAL | MORICHAL;A8:A1:59:78:82:31
17417;20145;1534 OFICINA EL REY | OFICINA EL REY;30:9C:23:DC:57:AA
17396;20146;1547 PRIMAVERA | PRIMAVERA;B8:AE:ED:32:7B:C3
17367;21126;1550 RECRERO | RECRERO;2C:F0:5D:EA:89:B1
17414;20147;1553 SAI RELIQUIA | SAI RELIQUIA;30:9C:23:DC:2A:8D
17386;20177;1554 SANTA CATALINA | SANTA CATALINA;30:9C:23:1F:0E:4A
17368;20179;1558 SEIS DE ABRIL | SEIS DE ABRIL;38:D5:47:B4:41:0C
17374;20181;1560 TERMINAL | TERMINAL;1C:69:7A:17:4E:4D
17245;20148;1562 VILLA JOHANA | VILLA JOHANA;A8:A1:59:66:0E:64
17436;20165;1569 SAN ANTONIO | SAN ANTONIO;2C:F0:5D:EA:8A:14
19004;21180;1581-OFICINA CABUYARO PRINCIPAL | OFICINA CABUYARO PRINCIPAL;2C:F0:5D:EA:FE:06
17250;20173;1585 ESTERO ALTO | ESTERO ALTO;30:9C:23:1F:0D:6A
17380;20127;1640 PDV SAN CARLOS | PDV SAN CARLOS;D8:BB:C1:04:23:09
16422;20328;1658 EL PARQUE | EL PARQUE  CUMARAL;2C:F0:5D:EB:03:9E
17381;20152;1685 PORTALES DEL LLANO | PORTALES DEL LLANO;00:D8:61:03:1B:BA
300613;302751;1687 PRINCIPAL VERACRUZ | 1687 PRINCIPAL VERACRUZ;9C:6B:00:19:39:0E
17382;20151;1710 CIUDAD SALITRE | CIUDAD SALITRE;8C:89:A5:A1:16:82
17419;20150;1771 PARADERO RELIQUIA | PARADERO RELIQUIA;00:D8:61:03:0D:72
17676;302790;1798 SP17126031 JDIAZ | SP17126031 JDIAZ;1E:58:5B:1F:69:AD
17229;20001;2218 ALBORADA | ALBORADA;1C:69:7A:17:4E:59
17228;20006;2223 BILLARES BAQUERO | BILLARES BAQUERO;2C:F0:5D:EB:00:1A
16277;19939;2342 BARZAL ALTO | BARZAL ALTO;00:D8:61:03:1E:F7
16183;19938;2344 BARZAL | BARZAL;1C:69:7A:12:80:36
17403;20153;2736 CHORILLANO | CHORILLANO;A8:A1:59:99:31:E4
17404;20154;2739 GAVIOTAS | GAVIOTAS;D8:BB:C1:95:C2:AE
17405;20155;2740 KIRPAZ | KIRPAZ;FC:AA:14:C5:28:71
17406;20183;2741 LA ROSITA | LA ROSITA;70:85:C2:D2:96:B5
17407;20126;2744 VILLA MELIDA | VILLA MELIDA;D8:BB:C1:95:CE:53
17420;20172;2980 PARADERO SAN ANTONIO | PARADERO SAN ANTONIO;D8:BB:C1:95:C2:9D
17383;20158;2982 CANAAN | CANAAN;30:9C:23:DC:16:1D
17384;20170;3021 ANTONIO PINILLA 3 | ANTONIO PINILLA 3;2C:F0:5D:EA:8A:9B
17415;20166;3025 BETTY CAMACHO | BETTY CAMACHO;D8:BB:C1:95:C2:84
17421;20178;3027 SAN ANTONIO DOS | SAN ANTONIO DOS;A8:A1:59:66:0D:2E
16299;19944;3029 FISCALIA BARZAL | FISCALIA BARZAL;D8:BB:C1:04:25:06
17410;21129;3047 SABANA KIRPAS | SABANA KIRPAS;2C:F0:5D:EA:FE:3C
19005;21189;3084-LAS VILLAS | LAS VILLAS GUAMAL;A8:A1:59:78:74:20
17400;20167;3271 ESTERO DOS | ESTERO DOS;9C:6B:00:19:3A:4D
17411;20156;3356  CUARTA DIVISIÓN EJERCITO | CUARTA DIVISION EJERCITO;0:D8:61:3:1D:F0
17411;21128;3356  CUARTA DIVISIÓN EJERCITO | CUARTA DIVISION;00:D8:61:03:1D:F0
17412;20184;3510 OFICINA APIAY | OFICINA APIAY;1C:69:7A:17:42:1A
17423;20163;3540  CIUDADELA SAN ANTONIO 2 | CIUDADELA SAN ANTONIO 2;04:7C:16:B4:17:F2
16435;19940;3688 BARZAL TRES | BARZAL TRES;1111
17424;20157;3689 13 DE MAYO | 13 DE MAYO;70:85:C2:D2:96:DD
17509;20062;3693 ACUEDUCTO | ACUEDUCTO;1C:69:7A:12:7E:FB
300002;300010;3699-EL MARFIL2 - PRINCIPAL GAITAN | MARFIL 2 ;1C:69:7A:17:46:21
17371;20169;3700 CEMERCA 2 | CEMERCA 2;AC:E2:D3:5E:71:09
17442;20066;3702 LA KOROKORA | LA KOROKORA;D8:BB:C1:95:CE:5B
17443;20098;3703 JORDAN | JORDAN;04:7C:16:B4:3C:21
17469;20067;3704 LA SABANA | LA SABANA;F8:B4:6A:B1:8C:48
17466;20105;3705 PANADERIA NONI | PANADERIA NONI;A8:A1:59:99:2B:41
17444;20106;3706 PARAISO | PARAISO;A8:A1:59:B0:C5:D4
17467;21131;3707 PARAISO E2 | PARAISO E2;94:C6:91:35:45:EA
17445;20068;3708 TRANSITO | TRANSITO;D8:BB:C1:4:22:44
17445;300003;3708 TRANSITO | TRANSITO VILLAVICENCIO;D8:BB:C1:04:22:44
17470;20099;3709 VEINTE DE JULIO 1 | VEINTE DE JULIO 1;D8:BB:C1:95:CE:5E
17471;20074;3710 VEINTE DE JULIO 2 | VEINTE DE JULIO 2;A8:A1:59:78:72:E5
17472;20107;3712 BOCHICA | BOCHICA;A8:A1:59:66:0D:24
17473;20108;3713 CAMINO REAL | CAMINO REAL;30:9C:23:DC:3D:66
17446;20100;3714 LA CEIBA | LA CEIBA ;04:7C:16:B4:3C:26
17447;20109;3715 DOS MIL | DOS MIL;30:9C:23:DC:64:94
17475;20101;3716 EL BAMBU | EL BAMBU;2C:F0:5D:22:DF:4A
17476;20110;3717 EL NOGAL | EL NOGAL ;D8:BB:C1:DE:9E:58
17448;20077;3718 POPULAR | POPULAR;04:7C:16:B4:3C:24
17477;20111;3719 EL POPULAR 2 | EL POPULAR 2;30:9C:23:DC:3E:21
17449;20112;3720 LOS ALPES | LOS ALPES;D8:BB:C1:04:39:35
17450;20078;3721 FLORESTA | FLORESTA;30:9C:23:DC:4A:92
17451;20113;3722 LOS ROSALES | LOS ROSALES;D8:BB:C1:95:C2:AC
17452;20079;3723 SAUCES | SAUCES;9C:6B:00:47:F4:7D
17453;20080;3724 MACARENA  VILLAVICENCIO | MACARENA  VILLAVICENCIO;A8:A1:59:99:31:4F
17478;20114;3725 MADRIGAL | MADRIGAL;30:9C:23:9F:0B:3F
17454;20069;3727 MARACOS | MARACOS;30:9C:23:28:1A:92
17455;20102;3728 OLIMPICO | OLIMPICO;00:D8:61:03:1D:B5
17479;20115;3729 OLIMPICO 2 | OLIMPICO 2;A0:A0:09:06:00:20
17480;20070;3730 REMANSO | REMANSO;D8:BB:C1:95:C2:19
17456;20116;3731 RETIRO | RETIRO;4C:CC:6A:D7:12:C7
17457;20082;3733 SANTA HELENA | SANTA HELENA;2C:F0:5D:EA:8B:3F
17481;20103;3734 VILLA ORTIZ | VILLA ORTIZ;94:C6:91:35:45:F3
17494;20083;3735 VILLA ORTIZ 2 | VILLA ORTIZ 2 ;70:85:C2:D2:96:B1
17458;20071;3736 BILLARES PAOLA | BILLARES PAOLA;94:C6:91:35:45:C4
17460;20104;3737 BRISAS DE LA ESPERANZA | BRISAS DE LA ESPERANZA ;2C:F0:5D:22:DF:49
17482;20117;3738 DROGUERIA VICUNA | DROGUERIA VICUNA;A8:A1:59:99:2F:1F
17483;20118;3739 SAN BENITO LA 40 | SAN BENITO LA 40;2C:F0:5D:22:DC:EE
17484;20119;3740 OCTAVA | OCTAVA;94:C6:91:35:44:3F
17486;20072;3741 MAIZARO | MAIZARO ;A8:A1:59:B0:D7:72
17461;20120;3742 NUEVO RICAUTE | NUEVO RICAUTE;30:9C:23:1F:0D:BA
17496;20121;3743 SAN BENITO | SAN BENITO ;2C:F0:5D:22:E3:58
17487;20122;3744 SAN BENITO 2 | SAN BENITO 2;4C:CC:6A:41:E2:34
17489;20123;3745 LA SEPTIMA 1 | LA SEPTIMA 1;70:85:C2:D2:96:CD
17490;20084;3746 LA SEPTIMA 2 | LA SEPTIMA 2 ;A8:A1:59:66:0B:B1
17462;20124;3747 LA SIJIN | LA SIJIN;2C:F0:5D:EB:1B:38
17491;20085;3748 DROGUERIA RETIRO | DROGUERIA RETIRO;D8:BB:C1:04:23:1F
17497;21122;3749 OFICINA UNICENTRO | OFICINA UNICENTRO;A8:A1:59:99:32:12
17499;20125;3751 MODULO DROGUERIA MERKADROGAS | MODULO DROGUERIA MERKADROGAS;4C:CC:6A:D7:12:C9
17437;20175;3778 EL BRILLANTE | EL BRILLANTE;30:9C:23:DC:1C:A0
19003;21148;3810-OFICINA CABUYARO E2 | HOTEL LUXOR PLAZA;A8:A1:59:99:31:6E
19003;21168;3810-OFICINA CABUYARO E2 | OFICINA CABUYARO E2;B8:AE:ED:32:7B:BA
17463;20065;3978 ESTACION ALBORADA | ESTACION ALBORADA;A8:A1:59:99:32:21
17413;20174;4019 LA ROSITA TRES | LA ROSITA TRES;A8:A1:59:99:29:4C
17464;20063;4041 MANUELA BELTRAN E2 | MANUELA BELTRAN E2 REVISION;54:E1:AD:D0:00:00
17464;300017;4041 MANUELA BELTRAN E2 | MANUELA BELTRAN 2;5C:60:BA:56:F3:63
19009;21194;4057-LA PLAZA GUAMAL | la plaza guamal;04:7C:16:B4:3C:8A
17465;20075;4061 OFICINA UNICENTRO E2 | OFICINA UNICENTRO  E2 ;A8:A1:59:78:74:1F
17502;20073;4128 OFICINA VILLA SUAREZ | OFICINA VILLA SUAREZ;30:9C:23:DC:16:A7
17430;20161;4130 ESPECIALIZADO LA RELIQUIA E2 | ESPECIALIZADO LA RELIQUIA  E2;D8:BB:C1:95:C2:B0
17431;20164;4131 ESPECIALIZADO LA RELIQUIA E3 | ESPECIALIZADO LA RELIQUIA E3;D8:BB:C1:95:C2:A8
19006;21185;4158-NVA PRINCIPAL BARRANCA | NVA PRINCIPAL BARRANCA;A8:A1:59:99:29:89
17500;20097;4159 VEINTE DE JULIO 1 E2 | VEINTE DE JULIO 1 E2;A8:A1:59:78:74:4F
300000;300000;4174-NVA PRINCIPAL BARRANCA E2 | NVA PRINCIPAL BARRANCA E2;9C:6B:00:46:F4:7E
17510;20064;4178 POPULAR E2  | POPULAR E2;D8:BB:C1:95:CE:37
19007;300006;4342-ÉXITO VIVA | EXITO VIVA;BC:0F:F3:6E:E4:AE
17503;20076;4380 HIERBABUENA | HIERBABUENA;30:9C:23:28:19:A0
16295;19941;4385 CLINICA MARTHA | CLINICA MARTHA ;30:9C:23:9A:7C:9B
300004;300012;4412-MODULO OASIS | MODULO OASIS ;0:00:00
300588;302736;4432 MODULO BONANZA | MODULO BONANZA;1C:69:7A:1C:0C:98
300009;300019;4455-TAT SP1123532019 EPUENTES   | TAT SP1123532019 EPUENTES;BC:0F:F3:8C:0F:94
18741;21210;4463 TAT SP1121961333DTUNJANO | TAT SP1121961333DTUNJANO;CC:47:40:83:03:D1
18741;302719;4463 TAT SP1121961333DTUNJANO | TAT SP1121961333DTUNJANO;BC:0F:F3:6B:05:E1
300007;300015;4464-MODULO REMOLINOS 2 | MODULO REMOLINOS 2;D0:AD:08:1C:73:14
19011;21196;4476-TAT SP30081607JMORA | TAT SP30081607JMORA;D0:AD:08:1C:73:05
300550;302704;4510-TATSP40328653MPINEDA | TATSP40328653MPINEDA;A8:B1:3B:7A:8A:AE
300560;302711;4554 - TAT SP40205935MBERNAL | TAT SP40205935MBERNAL;BC:0F:F3:8C:0E:0D
300589;302737;4556 TAT SP1125548639LTABACO | SP1125548639LTABACO;84:A9:3E:07:D8:36
300620;302778;4558 TAT SP1122118523LRONDON |  SP1122118523LRONDON;A8:B1:3B:7A:89:0B
300585;302733;4559 TAT SP1084728774JQUINTERO | TAT SP1084728774JQUINTERO;D0:AD:08:1C:72:DB
300590;302738;4568 TAT SP1029984261LCANTOR | TAT SP1029984261LCANTOR;84:69:93:6D:03:EA
300626;302786;4585 TAT SP1123513703JDIAZ | TAT SP1123513703JDIAZ;F8:B4:6A:B1:93:B3
300615;302755;4589 TAT SP1122648762MMONTOYA | SP1122648762MMONTOYA;54:B2:03:F2:CB:90
300614;302753;4595 MODULO SAN ISIDRO ARIARI | MODULO SAN ISIDRO ARIARI;9C:6B:00:37:1E:0A
17493;;726 MANUELA BELTRAN | MANUELA BELTRAN;30:9C:23:DC:66:B2
17223;21132;AEROPUERTO Z | AEROPUERTO Z1;30:9C:23:9A:7C:C0
17868;20230;AGUAS CLARAS | AGUAS CLARAS;D8:BB:C1:DE:B1:95
17872;20197;ALCALDIA LEJANIAS | ALCALDIA LEJANIAS;A8:A1:59:B0:D7:B9
17729;20225;ALCARAVAN | ALCARAVAN;30:9C:23:28:19:BA
16443;20378;ALCARAVAN RESTREPO | ALCARAVAN RESTREPO ;30:9C:23:DC:22:11
17227;21085;ALKOSTO | ALKSOTO;00:D8:61:03:20:DD
17880;21191;ALMACEN LUDIZ | LUDIZ;4C:CC:6A:D7:11:DA
17678;20344;ALTOS DE COVICOM | ALTOS DE COVICOM;2C:F0:5D:EA:F9:E2
17247;20003;AMERICAS | AMERICAS;30:9C:23:28:1B:42
17675;20347;ASOCIACION DE AMIGOS | ASOSIACION DE AMIGOS;55:55:55:55:55:55
17675;21121;ASOCIACION DE AMIGOS | ASOCIACION DE AMIGOS;D8:BB:C1:95:C2:DD
17249;20005;AUTO CHANCE DARIEN | AUTO CHANCE DARIEN;9C:6B:00:19:39:74
17248;20004;AUTO CHANCE MONTECARLO | AUTO CHANCE MONTECARLO;1C:69:7A:17:42:F6
16439;20377;AVENIDA PARATEBUENO | AVENIDA PARATEBUENO;A8:A1:59:99:2F:A6
17035;19887;BANCO DE LA REPUBLICA  1 | BANCO DE LA REPUBLICA 1;D8:BB:C1:95:C2:D8
17052;19888;BANCO DE LA REPUBLICA  2 | BANCO DE LA REPUBLICA 2;70:85:C2:D2:97:24
17681;20343;BANCO POPULAR | BANCO POPULAR;30:9C:23:9A:7C:7A
17917;300007;BATEAS | bateas;D8:BB:C1:04:24:A4
300001;20330;BILLARES  AVENIDA 1634 | BILLARES AVENIDA;2C:F0:5D:22:E0:4B
17666;20337;BILLARES ACACIAS | BILLARES ACACIAS ;30:9C:23:DC:2A:53
17068;21100;BILLARES EMPORIO | BILLARES EMPORIO 2332;A8:A1:59:99:32:04
17715;20220;BILLARES RICAUTE GRANADA | BILLARES RICAUTE GRANADA;D8:BB:C1:95:CE:51
17234;21108;BINGO PLUS EL REY | BINGO PLUS EL REY;D8:BB:C1:04:39:24
17067;21101;BUENA VISTA | BUENA VISTA;30:9C:23:9A:7C:39
17730;20270;BULEVAR | BULEVAR;2C:F0:5D:22:E0:4C
17866;20226;CACAYAL | CACAYAL;1C:69:7A:1C:0E:8C
17233;21102;CALLE DE LOS NEGROS | CALLE DE LOS NEGROS;2C:F0:5D:EA:8A:22
17251;20007;CAMINOS DE MONTECARLO | nosirve;0:D8:61:3:1B:98
17251;21089;CAMINOS DE MONTECARLO | CAMINOS DE MONTECARLOS;4C:CC:6A:D7:12:49
17831;20266;CAMPOALEGRE | CAMPOALEGRE;30:9C:23:DC:40:44
17906;21133;CANOHERO 2 | CANOHERO 2;1C:69:7A:1C:08:AF
19012;20029;CARULLA PRIMAVERA URBANA 4341 | CARULLA PRIMAVERA URBANA;7C:4D:8F:A4:8B:1D
17252;20008;CASA DEL JUGO | CASA DEL JUGO;30:9C:23:28:1B:9E
17315;20058;CASA DEL JUGO DOS | CASA DEL JUGO DOS ;00:00:00:00
17032;19927;CASA DEL KUMIS | CASA DEL KUMIS;2C:F0:5D:EB:00:EF
17048;19928;CASA DEL KUMIS E | CASA DEL KUMIS E2;A8:A1:59:78:73:98
17723;20241;CASINO EL DORADO | CASINO EL DORADO;2C:F0:5D:EA:FE:E1
17055;19882;CASINO FARAON | CASINO FARAON;D8:BB:C1:04:23:3D
17241;21109;CASINO LA PLAZA | CASINO LA PLAZA;D8:BB:C1:04:22:52
17232;21110;CASINO PLAZA  2 | CASINO PLAZA 2 ;00:D8:61:03:1D:D7
16203;20382;CC BALCONES PLAZA | CC BALCONES PLAZA;D8:BB:C1:DE:B1:91
17316;20059;CC MADRID RESERVADO E | CC MADRID RESERVADO E2;A8:A1:59:78:73:97
17317;20060;CC MADRID RESERVADOE | CC MADRID RESERVADO E3;A8:A1:59:B0:C7:E2
17920;21144;CENTRO  GAITAN 1 | CENTRO GAITAN 1;2C:F0:5D:EA:FE:03
17923;302725;CENTRO  GAITAN 2 | CENTRO GAITAN 2;9C:6B:00:46:F1:A2
17296;20044;CENTRO CIAL PRIMAVERA URBANA | CENTRO COMERCIAL PRIMAVERA URBANA;B0:7B:25:3:79:2D
17310;20055;CENTRO COMERCIAL  ROSA BLANCA | CENTRO COMERCIAL ROSA BLANCA;A8:A1:59:66:0D:2A
16441;20380;CENTRO COMERCIAL SUNRISE | CENTRO COMERCIAL SUNRISE;04:7C:16:B4:3C:9A
17304;20050;CENTRO COMERCIAL VIVA  | CENTRO COMERCIAL VIVA 2;30:9C:23:DC:3D:5F
17246;20030;CENTRO COMERCIAL VIVA BAHIA | EXITO VIVA;BC:F:F3:6E:E4:AE
17246;20002;CENTRO COMERCIAL VIVA BAHIA | CENTRO COMERCIAL VIVA  BAHIA;04:7C:16:B4:3C:28
17308;20053;CENTRO COMERCIAL VIVA LOC  | CENTRO COMERCIAL VIVA LOC 106;D8:BB:C1:04:23:68
17761;20256;CENTRO DE SALUD GRANADA | CENTRO DE SALUD GRANADA;A8:A1:59:78:80:B3
17904;21134;CENTRO PUERTO LOPEZ | CENTRO PUERTO LOPEZ;4C:CC:6A:D7:11:6D
17059;21111;CHAPINERO | CHAPINERO;30:9C:23:DC:18:6F
17683;20352;CIMARRON | CIMARRON;A8:A1:59:B0:D7:A5
17284;20034;CIUDAD MILENIO | CIUDAD MILENIO ;30:9C:23:DC:54:F4
17422;20168;CIUDADELA SAN ANTONIO | CIUDADELA SAN ANTONIO;70:85:C2:D2:96:65
17895;21135;CLINICA DEL SONIDO | CLINICA DEL SONIDO;A8:A1:59:B0:C5:76
17037;19883;COMPRAVENTA CENTAUROS | COMPRAVENTA CENTAUROS;1C:69:7A:12:80:6E
17253;20009;COMUNEROS | COMUNEROS;2C:F0:5D:EA:89:B6
300549;302701;CON STELLA DE CANAGUARO  52293809 - 4227 | CANAGUARO;54:B2:03:F3:2D:C8
17664;20335;CONFECCIONES CHAVITA | CONFECCIONES CHAVITA;94:C6:91:35:43:AA
17701;20207;DANIELS | DANIELS;1C:69:7A:17:46:23
17694;20364;DIVERSIONES CASTILLA | DIVERSIONES CASTILLA ;30:9C:23:9A:7C:42
17053;19936;DIVINO NIÑO | DIVINO NINO;A8:A1:59:66:0C:D3
17058;21112;DOCE DE OCTUBRE | DOCE DE OCTUBRE;1C:69:7A:17:43:23
17435;20159;DONA LUZ | DONA LUZ;2C:F0:5D:EA:FF:23
17369;20176;DROGUERIA  EL RECREO | DROGUERIA EL RECREO;2C:F0:5D:EA:89:A1
17254;20010;DROGUERIA CENTAUROS | DROGUERIA CENTAUROS;2C:F0:5D:22:DF:48
17062;21140;DROGUIERIA LA ESMERALDA | DROGUIERIA LA ESMERALDA;94:C6:91:35:45:45
17654;20320;EL BAUCHE | EL BAUCHE;D8:BB:C1:4:24:BC
17654;21174;EL BAUCHE | EL BAUCHE;D8:BB:C1:04:24:BC
17719;20232;EL BELEN | EL BELEN;D8:BB:C1:04:22:5C
17708;20275;EL CAMILO | EL CAMILO;30:9C:23:DC:1E:9D
17896;21141;EL CANOHERO PTO LOPEZ | EL CANOHERO PTO LOPEZ;A8:A1:59:99:32:23
17828;20296;EL CASINO | EL CASINO;2C:F0:5D:22:DF:47
18999;21160;EL CASTILLO- 1359  | EL CASTILLO;1C:69:7A:12:7F:4C
17890;20284;EL CENTRO SAN MARTIN | EL CENTRO SAN MARTIN;A8:A1:59:78:73:7B
17255;20011;EL CHARRASCAL | EL CHARRASCAL;2C:F0:5D:22:DD:A4
17659;20331;EL COOPERATIVO | EL COOPERATIVO;1C:69:7A:12:7B:35
17783;20312;EL DORADO PRINCIPAL | EL DORADO PRINCIPAL;30:9C:23:9A:7C:68
17660;20365;EL ESQUINAZO ELECTRICO | EL ESQUINAZO ELECTRICO;4C:CC:6A:D7:11:E2
17655;20313;EL HOSPITAL | EL HOSPITAL;D8:CB:8A:EB:BA:79
17796;20302;EL JARDIN - PTO RICO | EL JARDIN PTO RICO;A8:A1:59:B0:C5:DB
17795;20297;EL LAVADERO | EL LAVADERO;4:7C:16:B4:3C:7F
17928;21145;EL MALECOM | EL MALECOM;D8:BB:C1:95:CD:F3
17924;21190;EL MARFIL - PRINCIPAL GAITAN 1 | PRINCIPAL MARFIL2824;30:9C:23:DC:2A:41
17670;20324;EL MORICHAL | EL MORICHAL;04:7C:16:B4:3C:79
17968;21151;EL OASIS 1 | EL OASIS;D8:BB:C1:04:25:0B
17750;20285;EL PARAISO GRANADA 1 | EL PARAISO GRANADA;1C:69:7A:12:7F:74
17653;300018;EL PARQUE | EL PARQUE ACACIAS;9C:6B:00:46:F5:16
17881;20253;EL PARQUE SAN MARTIN | EL PARQUE SAN MARTIN;04:7C:16:B4:3C:8F
17918;21188;EL POPULAR | EL POPULAR gaitan;D8:BB:C1:DE:9E:60
17702;20273;EL PORFIN | EL PORFIN;D8:CB:8A:ED:87:DB
17773;20342;EL PRADO | EL PRADO;A8:A1:59:99:31:F4
17709;20231;EL PROVEEDOR | EL PROVEEDOR;2C:F0:5D:EA:8B:D2
17827;20243;EL QUINDIANO | EL QUINDIANO;04:7C:16:B4:3C:34
17274;20027;EL RUBI | EL RUBI;A8:A1:59:99:2F:27
17669;21124;EL SAMAN ACACIAS | EL SAMAN;00:D8:61:03:23:CE
17888;20244;EL SOL SAN MARTIN | EL  SOL SAN MARTIN ;0:D8:61:3:37:2F
17888;21163;EL SOL SAN MARTIN | EL SOL SAN MARTIN;2C:F0:5D:EA:FE:E3
17069;21103;EMPORIO | EMPORIO;70:8B:CD:A0:88:52
17065;21113;EMPORIO FISCALIA | EMPORIO FISCALIA;2C:F0:5D:EA:8A:91
17063;21104;ESMERALDA |  ESMERALDA;D8:BB:C1:04:22:49
17313;20056;ESPECIALIZADO PORFA | ESPECIALIZADO PORFIA;A8:A1:59:B0:CC:67
17302;20048;ESPECIALIZADO PORFIA  | ESPECIALIZADO PORFIA 3;2C:F0:5D:EA:FD:C6
17314;20057;ESPECIALIZADO PORFIA DOS | ESPECIALIZADO PORFIA 2;2C:F0:5D:EA:8A:8A
17961;21153;ESTACION ESSO POMPEYA | ESTACION ESSO POMPEYA;00:D8:61:03:1D:A5
17239;302703;EVENTOS ZONA  | EVENTOS ZONA 1;00:00:00:11:12
17043;19930;EXITO CENTRO  1 | EXITO CENTRO 1;30:9C:23:9B:13:EB
17047;19931;EXITO CENTRO  2 | EXITO CENTRO 2;2C:F0:5D:EB:02:84
17049;21200;EXITO CENTRO BALOTO | EXITO CENTRO BALOTO;0C:00:00:00:E5:D0
17883;20269;FRUTIMETA | FRUTIMETA;1C:69:7A:1C:0B:BA
17030;19684;FUNDACION | FUNDACION ;2C:F0:5D:EB:00:BB
17717;20305;GAITAN | GAITAN;30:9C:23:9A:7C:69
17256;20012;GERMAN ARCINEGAS | GERMAN ARCINIEGAS;70:85:C2:D2:97:B1
17034;19885;GOBERNACION  1 | GOBERNACION 2;D8:BB:C1:04:24:FE
17050;19884;GOBERNACION  2 | GOBERNACION 1;A8:A1:59:99:32:02
17222;19889;GRAMA | GRAMA;30:9C:23:DC:53:F7
17224;21114;GRAMA DOS | GRAMA DOS;4C:CC:6A:D7:12:24
17277;20032;GRAN RESERVA  1 | GRAN RESERVA 3 ;50:46:5D:71:9:E1
17301;20047;GRAN RESERVA  2 | GRAN RESERVA 2;1C:69:7A:17:4F:2D
17309;20054;GRAN RESERVA  3 | GRAN RESERVA 1;2C:F0:5D:22:DF:EE
17679;20363;GUARATARA | GUARATARA;30:9C:23:9B:14:5D
17257;20013;GUATAPE | GUATAPE;30:9C:23:9A:7C:52
16190;20371;HELADERIA SABROSURA | HELADERIA SABROSURA;A8:A1:59:99:2F:B8
17762;20277;HOSPITAL GRANADA | HOSPITAL GRANADA;FC:AA:14:C5:90:7C
17763;20292;HOSPITAL GRANADA E2 | HOSPITAL GRANADA E2;A8:A1:59:78:74:06
17013;19945;HOSPITAL VILLAVICENCIO | HOSPITAL VILLAVICENCIO;D8:BB:C1:04:23:20
17707;20304;HOTEL CORDILLERA | HOTEL CORDILLERA;2C:F0:5D:EA:F6:D6
17039;19932;HOTEL META  1 | HOTEL META 1;30:9C:23:9F:0B:47
17056;19933;HOTEL META  2 | HOTEL META 2;1C:69:7A:1C:0C:83
17663;20327;INDEPENDENCIA | INDEPENDENCIA;70:85:C2:D2:97:36
17686;20361;INDEPENDENCIA 2 | INDEPENDENCIA;0
17710;20218;INDUSTRIALES | INDUSTRIALES;2C:F0:5D:EA:8A:17
17844;20265;JARDIN DE PEÑAS | JARDIN DE PENAS;BC:0F:F3:6B:07:39
17684;20348;LA 14 CENTRO | LA 14 CENTRO;D8:B0:C1:95:02:BE
17685;20360;LA 15 ACACIAS | LA 15 ACACIAS;70:85:C2:D2:9D:A9
17903;21137;LA 18 PTO LOPEZ 2 | LA 18 PTO LOPEZ;30:9C:23:DC:50:93
16284;20376;LA ALCALDIA | LA ALCALDIA;04:7C:16:B4:3C:80
17014;19937;LA AZOTEA | LA AZOTEA;4C:CC:6A:D7:12:D7
17897;302731;LA BRASA | LA BRASA;2C:F0:5D:EA:8A:95
17711;20259;LA CATEDRA | LA CATEDRA;30:9C:23:9A:7C:51
17662;20333;LA CATORCE | LA CATORCE;A8:A1:59:B0:CA:06
17662;20182;LA CATORCE | LA CATORCE ACACIAS;2C:F0:5D:EA:8B:35
17812;20240;LA CATORCE - FUENTE DE ORO | LA CATORCE FUENTE DE ORO;00:D8:61:03:37:3D
17956;20300;LA COOPERATIVA- PIÑALITO | LA COOPERATIVA PINALITO ;00:D8:61:03:1B:98
17244;20000;LA CUNCIA | LA CUNCIA;2C:F0:5D:EA:89:9B
17825;20239;LA ESTRELLA - VISTA HERMOSA 1 | LA ESTRELLA VISTA HERMOSA ;30:9C:23:28:1A:AC
17258;20014;LA FLORIDA | LA FLORIDA;4C:CC:6A:D7:12:30
17692;20354;LA FLORIDA ACACIAS | LA FLORIDA ACACIAS;D8:BB:C1:95:CE:3D
17950;20227;LA JULIA PRINCIPAL | LA JULIA PRINCIPAL;30:9C:23:DC:40:B9
17652;20209;LA MACARENA 1 | LA MACARENA SAN JUAN;A8:A1:59:78:7E:E9
17946;20319;LA MACARENA 2 | LA MACARENA;2C:F0:5D:EA:8A:89
17270;20024;LA MADRID  | LA MADRID 2;D8:BB:C1:04:3A:D1
17884;20198;LA NACIONAL | LA NACIONAL;94:DE:80:17:66:74
17884;20199;LA NACIONAL | PEDRO DAZA;D8:BB:C1:95:C2:E1
17319;20061;LA NOHORA | LA NOHORA ;1C:69:7A:17:4D:96
17667;20338;LA ONCE | LA ONCE;30:9C:23:9A:7C:F6
17673;20356;LA PLAZA DOS | LA PLAZA DOS;30:9C:23:DC:1B:6F
16192;20372;LA PLAZA RESTREPO | LA PLAZA RESTREPO;D8:BB:C1:95:CC:61
17240;21115;LA PLAZA ZONA  | LA PLAZA ZONA 1;A8:A1:59:B0:C4:AD
17722;20267;LA QUINCE | LA QUINCE ;D8:BB:C1:04:22:A6
17259;20015;LA ROCHELA | LA ROCHELA;A8:A1:59:B0:C6:07
17260;19385;LA SEXTA 1 | LA SEXTA VILLAVICENCIO;A8:A1:59:78:80:CC
17800;20203;LA SEXTA 2 | LA SEXTA PT LLERAS;94:C6:91:35:44:A4
17898;300005;LA SEXTA PUERTO LOPEZ | sexta puerto lopez;D8:BB:C1:DE:9E:5C
17658;20316;LA TIZA | LA TIZA;4C:CC:6A:D7:12:B4
17688;20349;LA TIZA DROGUERIA | LA TIZA DROGUERIA;A8:A1:59:66:0C:D2
17899;21136;LA TORRE | LA TORRE;70:8B:CD:A1:D1:9E
17720;20233;LA TRECE COCACOLA | LA TRECE COCACOLA ;8C:89:A5:DD:93:68
17712;20236;LA TREINTA | LA TREINTA ;A8:A1:59:B0:E8:98
17900;21138;LA UNION | LA UNION;9C:6B:00:46:F4:9F
17261;20016;LA VEGA | LA VEGA;A8:A1:59:B0:C5:DC
17295;20043;LAS ACACIAS | LAS ACACIAS;D8:CB:8A:50:D6:29
17671;20322;LAS ACACIAS - ACACIAS | LAS ACACIAS ACACIAS;A8:A1:59:66:0E:82
17291;20040;LLANO LINDO | LLANO LINDO;A8:A1:59:99:2F:AD
17016;19386;LLANOCENTRO | LLANOCENTRO;30:9C:23:28:19:98
17015;19456;LLANOCENTRO E | LLANOCENTRO E2;04:7C:16:B4:3C:39
17713;20237;LOS SAMBOS | LOS SAMBOS;2C:F0:5D:EB:0D:AE
17051;19886;LOTERIA DEL META | LOTERIA DEL META;D8:BB:C1:04:22:8E
17656;20314;MANCERA | MANCERA;30:9C:23:9F:0B:4C
17668;20329;MANCERA2 | MANCERA 2;D8:BB:C1:95:C2:DC
17060;21105;MERKAFACIL | MERKAFACIL;1C:69:7A:1C:04:44
17017;19950;MODULO  DE AGOSTO | MODULO 7 DE AGOSTO ;94:C6:91:35:0C:85
17947;20286;MODULO ALTO BODEGA | MODULO ALTO BODEGA;FC:AA:14:C5:93:31
17809;20298;MODULO CASIBARE | MODULO CASIBARE;A8:A1:59:66:0E:76
17836;20254;MODULO CAÑO AMARILLO | MODULO CANO AMARILLO;30:9C:23:DC:3E:B8
17803;20261;MODULO CAÑO RAYADO 1 | MODULO CANO RAYADO;04:7C:16:B4:3C:2D
17850;20307;MODULO CENTRO - MESETAS | MODULO CENTRO  MESETAS;D8:BB:C1:DE:B1:94
17690;20350;MODULO CHICHIMENE | MODULO CHICHIMENE;BC:0F:F3:6B:05:5D
300013;20294;MODULO DOCE DE OCTUBRE - 4500 | MODULO DOCE DE OCTUBRE;A8:B1:3B:7A:8A:67
17875;20250;MODULO DOS QUEBRADAS | MODULO DOS QUEBRADAS;D8:BB:C1:95:CE:3F
17070;21130;MODULO DROGUERIA PIPIRAL | MODULO DROGUERIA PIPIRAL;2C:F0:5D:EA:8A:36
300551;302706;MODULO EL TORO | MODULO EL TORO;84:A9:3E:07:29:4D
17769;20345;MODULO EL TRIUNFO 1 | MODULO EL TRIUNFO ;30:9C:23:DC:38:12
17948;20281;MODULO EL VERGEL | MODULO EL VERGEL;C0:3F:D5:A2:8F:DB
17235;21161;MODULO INDUSTRIAL | MODULO INDUSTRIAL;A8:A1:59:66:0C:DD
17942;20308;MODULO LA COOPERATIVA 2 | MODULO LA COOPERATIVA;A8:A1:59:78:74:A7
17861;20272;MODULO LA CRISTALINA | MODULO LA CRISTINA;84:69:93:6D:5:7A
17861;302702;MODULO LA CRISTALINA | MODULO LA CRISTALINA;BC:0F:F3:6B:05:67
17285;20035;MODULO LA MADRID  | MODULO LA MADRID 5;F8:B4:6A:B1:93:9C
17759;20280;MODULO LA RESERVA | MODULO LA RESERVA;2C:F0:5D:EB:03:BE
17689;20355;MODULO MONTEBELLO | MODULO MONTEBELLO;00:D8:61:03:34:A4
17931;300002;MODULO MURUJUY | MODULO MURUJUY;7C:4D:8F:A4:89:CF
17845;20291;MODULO ORIENTE | MODULO ORIENTE ;30:9C:23:1F:0E:7F
17891;20293;MODULO PARAISO 2 | MODULO PARAISO 2;A8:A1:59:78:72:E9
300008;300016;MODULO PUERTO RICO  - 3451 | MODULO PUERTO RICO;4C:CC:6A:D7:12:1F
17941;20287;MODULO RINCON DEL INDIO | MODULO RINCON DEL INDIO;10:68:38:4C:9:331
300011;21220;MODULO SAN ALEJO 4474 | MODULO SAN ALEJO 4474;54:B2:03:F2:CB:E1
17786;20257;MODULO TIENDA NUEVA  | MODULO TIENDA NUEVA;1C:69:7A:17:4E:31
17756;20310;MODULO VILLA CARMELITA 1 | MODULO LAS DELICIAS;F8:B4:6A:B1:93:4F
17757;302709;MODULO VILLA CARMELITA 2 | MODULO VILLA CARMELITA;1C:69:7A:1C:0D:1D
17705;20274;MONTOYA | MONTOYA;30:9C:23:DC:1E:F5
17733;20251;MONTOYA DOS | MONTOYA DOS;2C:F0:5D:EA:8A:1F
17276;20031;MULTIFAMILIARES CENTAUROS | MULTIFAMILIARES CENTAUROS;D8:CB:8A:50:C0:20
300010;300024;NO SIRVE  | NO SIRVE ;30:9C:23:9F:00:00
17370;20162;NUEVA COLOMBIA | NUEVA COLOMBIA;C0:3F:D5:54:8F:C9
19002;21187;NUEVA OFICINA PRINCIPAL 1 GUAMAL-3512 | NUEVA OFICINA PRINCIPAL 1 GUAMAL;2C:F0:5D:EA:8A:19
17915;21184;NUEVA PRINCIPAL DE PTO LOPEZ 1 | NUEVA PRINCIPAL DE PTO LOPEZ 1;A8:A1:59:B0:C7:77
17916;302705;NUEVA PRINCIPAL DE PTO LOPEZ 2 | NUEVA PRINCIPAL DE PTO LOPEZ ;30:9C:23:DC:19:CB
300605;302746;NUEVA PRINCIPAL SAN JUAN | NUEVA PRINCIPAL DE SAN JUAN;9C:6B:00:19:39:68
17893;20255;NUEVA PRINCIPAL SAN MARTIN E2 | NUEVA PRINCIPAL SAN MARTIN E2;2C:F0:5D:EA:8A:63
17892;20262;NUEVA PRINCIPAL SAN MARTIN  | NUEVA PRINCIPAL  SAN MARTIN;04:7C:16:B4:3C:2B
17674;20341;NUEVA VICTORIA | NUEVA VICTORIA;30:9C:23:1F:E:73
17674;300011;NUEVA VICTORIA | NUEVA VICTORIA;30:9C:23:1F:0E:73
17262;20017;NUEVO HORIZONTE | NUEVO HORIZONTE;30:9C:23:9A:7C:F8
300014;300033;NVA OFICINA PRINCIPAL GUAMAL2 - 3513 | NUEVA PRINCIPAL 2 GUAMAL ;00:D8:61:03:1F:04
17307;20052;OFICINA AMARILO | OFICINA AMARILO;30:9C:23:DC:1E:A7
17273;20171;OFICINA CATUMARE | OFICINA CATUMARE;2C:F0:5D:EA:FD:82
17693;20353;OFICINA CRA 23 ACACIAS | OFICINA CRA 23 ACACIAS;2C:F0:5D:EA:8A:12
300005;300014;OFICINA EL CALVARIO-1680 | OFICINA EL CALVARIO 1680;2C:F0:5D:EA:F8:10
17280;20033;OFICINA LA MADRID | OFICINA LA MADRID;30:9C:23:DC:2A:9F
17303;20049;OFICINA LA MADRID  E | OFICINA LA MADRID 3 E2;1C:69:7A:1C:0C:A7
17864;20213;OFICINA LEJANIAS | OFICINA LEJANIAS ;A8:A1:59:99:2F:A7
17876;20245;OFICINA LEJANIAS DOS | OFICINA LEJANIAS DOS ;A8:A1:59:99:2F:E3
17914;21139;OFICINA POLIPAN 5 | POLIPAN;6C:62:6D:F6:38:D5
17294;20042;OFICINA PORFIA  | OFICINA PORFIA 5;94:C6:91:35:45:FA
17874;20288;OFICINA PUERTO CALDAS | OFICINA PUERTO CALDAS;A8:A1:59:99:32:0A
300006;300013;OFICINA SAN JUANITO-1681 | OFICINA SAN JUANITO 1681;A8:A1:59:66:0C:D9
17782;20366;OFICINA SAN LORENZO | OFICINA SAN LORENZO;30:9C:23:9A:7C:A3
17290;20039;OFICINA VILLA HERMOSA | OFICINA VILLA HERMOSA;D8:BB:C1:95:C2:DB
17964;21157;PACHAQUIARO DOS | PACHAQUIARO DOS;30:9C:23:9A:7C:4C
17027;19683;PAGO PREMIOS  1 | PAGO PREMIOS 1;00:D8:61:03:21:E9
17028;19682;PAGO PREMIOS  2 | PAGO PREMIOS 2;00:D8:61:03:1D:71
17672;20325;PALERMO | PALERMO;04:7C:16:B4:3C:95
16172;20379;PAN ANDRES | PAN ANDRES;A8:A1:59:78:74:B5
17657;20315;PANADERIA LA 14 BARRIO SAN JOS | PANADERIA LA 14 BARRIO SAN JOS;A8:A1:59:99:2F:A0
17061;21127;PANORAMA | PANORAMA;30:9C:23:9A:7C:4F
17680;20311;PARQUE 2 ACACIAS | PARQUE 2 ACACIAS;30:9C:23:1F:0D:FD
17221;19934;PARQUE DEL HACHA | PARQUE DEL HACHA;70:85:C2:D2:96:F7
2884;3056;PDV PRUEBAS PISO DIEZ | PDV PRUEBAS PISO 10;1C:1B:0D:5B:8F:5A
2884;12588;PDV PRUEBAS PISO DIEZ | PCSTIVENLINUXPRUEBAS;2C:F0:5D:22:DE:F0
17661;300008;PELUQUERIA DONA ELENA | PELUQUERIA DONA ELENA;D8:BB:C1:04:22:93
17026;19935;PARQUE HACHA  | PARQUE HACHA 2;04:7C:16:B4:3C:08
17026;21146;PARQUE HACHA  | PARQUE HACHA 2;04:7C:16:B4:3C:BC
17026;21147;PARQUE HACHA  | PARQUE HACHA 2;04:7C:16:B4:3C:8C
17230;21117;PARQUEADERO LA AVENIDA  1 | PARQUEADERO LA AVENIDA 1;30:9C:23:DC:22:2F
17231;21118;PARQUEADERO LA AVENIDA  2 | PARQUEADERO LA AVENIDA 2;D8:BB:C1:95:CE:5C
17963;21155;POMPEYA BAJO | POMPEYA BAJO;9C:6B:00:46:F4:87
17275;21091;PORFIA  1 | PORFIA 6;D8:BB:C1:04:39:2F
17275;20028;PORFIA  1 | PORFIA 6;D8:BB:C1:4:39:2F
17292;20041;PORFIA  2 | PORFIA 7;A8:A1:59:66:E:81
17292;21092;PORFIA  2 | PORFIA 7;A8:A1:59:66:0E:81
17264;20019;PORFIA CUATRO | PORFIA CUATRO;4C:CC:6A:A:55:B0
17264;21090;PORFIA CUATRO | PORFIA 4;30:9C:23:DC:2A:3E
17263;20018;PORFIA DOS | PORFIA DOS;A8:A1:59:B0:C7:E3
17289;20038;PORFIA UNO | PORFIA UNO ;30:9C:23:DC:19:C2
17066;21120;PORVENIR | PORVENIR;30:9C:23:1F:0D:7B
17774;20358;PPAL SAN CARLOS GUAROA E2 | PPAL SAN CARLOS GUAROA E2;04:7C:16:B4:3C:29
2875;21244;PRIMAVERA URBANA 1 | PRIMAVERA URBANA;7C:4D:8F:A4:8A:50
2878;3052;PRIMAVERA URBANA APOYO 1 | PRIMAVERA URBANA APOYO ;C8:5A:CF:AC:8D:88
2880;17616;PRIMAVERA URBANA APOYO E2  | PRIMAVERA SUPERFLEX URBANAE2;BC:0F:F3:70:E4:BD
2880;300025;PRIMAVERA URBANA APOYO E2  | PRUEBAS BRAYAN;74:86:E2:14:A4:75
2880;300026;PRIMAVERA URBANA APOYO E2  | DELLPRUEBASSUPERFLEXPRIMAVERA;4C:00:00:00:FD:01
16186;20374;PRINCIPAL  CUMARAL 1 | PRINCIPAL 2 CUMARAL;2C:F0:5D:EA:8A:BD
16187;20375;PRINCIPAL  CUMARAL 2 | PRINCIPAL 1 CUMARAL;1C:69:7A:17:4F:DB
16436;20373;PRINCIPAL  RESTREPO | PRINCIPAL 1 RESTREPO ;D8:BB:C1:DE:9E:5A
17651;20318;PRINCIPAL 1 ACACIAS | PRINCIPAL 1 ACACIAS ;2C:F0:5D:EA:F8:A2
17767;20334;PRINCIPAL 1 CUBARRAL | PRINCIPAL 1 CUBARRAL;30:9C:23:9F:0C:91
17703;20208;PRINCIPAL 1 GRANADA | PRINCIPAL 1 GRANADA;00:D8:61:03:20:68
17807;20289;PRINCIPAL 1 PTO LLERAS | PRINCIPAL 1 PTO LLERAS;D8:BB:C1:95:C2:D9
17886;20200;PRINCIPAL 1 SAN MARTIN | PRINCIPAL 1 SAN MARTIN;2C:F0:5D:EA:8A:1E
17650;21143;PRINCIPAL 2 ACACIAS | PRINCIPAL 2 ACACIAS;A8:A1:59:78:7E:EA
17650;20317;PRINCIPAL 2 ACACIAS | PRINCIPAL 2 ACACIAS;D8:BB:C1:04:22:71
17771;20351;PRINCIPAL 2 CASTILLA | PRINCIPAL 2 CASTILLA;00:D8:61:03:35:6E
17768;20323;PRINCIPAL 2 CUBARRAL | PRINCIPAL 2 CUBARRAL;1C:69:7A:1C:0C:77
17704;20214;PRINCIPAL 2 GRANADA | PRINCIPAL 2 GRANADA ;A8:A1:59:66:0C:73
19001;21181;PRINCIPAL 2 GUAMAL-1380 | PRINCIPAL 2 GUAMAL;30:9C:23:9B:14:78
17848;20263;PRINCIPAL 2 MESETAS | PRINCIPAL 2 MESETAS;94:C6:91:35:45:D8
17901;21142;PRINCIPAL 2 PTO LOPEZ | PRINCIPAL 2 PTO LOPEZ;70:85:C2:D2:96:ED
16288;20369;PRINCIPAL 2 RESTREPO | PRINCIPAL 2 RESTREPO ;1C:69:7A:17:4E:27
17887;20201;PRINCIPAL 2 SAN MARTIN | PRINCIPAL 2 SAN MARTIN;04:7C:16:B4:3C:92
17859;20290;PRINCIPAL 3 MACARENA | PRINCIPAL 3 MACARENA;A8:A1:59:66:D:2E
17859;300001;PRINCIPAL 3 MACARENA | PRINCIPAL 3 MACARENA;04:7C:16:B4:3C:91
17770;20326;PRINCIPAL CASTILLA | PRINCIPAL CASTILLA ;A8:A1:59:78:73:29
17770;21159;PRINCIPAL CASTILLA | PRINCIPAL CASTILLA 1152;30:9C:23:DC:1C:10
17781;20359;PRINCIPAL DINAMARCA | PRINCIPAL DINAMARCA;00:D8:61:03:19:D7
17794;20210;PRINCIPAL DOS  PUERTO RICO | PRINCIPAL DOS PUERTO RICO ;04:7C:16:B4:3C:1F
17832;20212;PRINCIPAL DOS  VISTAHERMOSA | PRINCIPAL DOS VISTAHERMOSA;A8:A1:59:66:0D:26
17857;20301;PRINCIPAL DOS MACARENA | PRINCIPAL DOS MACARENA;A8:B1:3B:7A:93:30
17802;20211;PRINCIPAL DOS PUERTO LLERAS | PRINCIPAL DOS PUERTO LLERAS;00:D8:61:03:36:4F
19000;300028;PRINCIPAL E2 EL CASTILLO (ADMIN)-3783 | PRINCIPAL CASTILLO E2;D8:BB:C1:95:C2:BE
17811;20219;PRINCIPAL FUENTE DE ORO | PRINCIPAL FUENTE DE ORO;5C:60:BA:56:FB:5C
17818;21164;PRINCIPAL FUENTE DE ORO 2 1 | PRINCIPAL FUENTE DE ORO 2;00:D8:61:03:1D:DD
17818;20283;PRINCIPAL FUENTE DE ORO 2 1 | PRINCIPAL FUENTE DE ORO  2;A8:A1:59:99:32:AE
17967;21186;PRINCIPAL LA CRISTALINA | PRINCIPAL LA CRISTALINA;9C:6B:00:19:39:F1
17862;20224;PRINCIPAL LA URIBE | PRINCIPAL LA URIBE ;D8:BB:C1:04:22:4A
17855;20222;PRINCIPAL MACARENA | PRINCIPAL MACARENA;A8:A1:59:B0:C8:A9
17937;20223;PRINCIPAL MAPIRIPAN | PRINCIPAL MAPIRIPAN ;04:7C:16:B4:3C:2C
17939;20258;PRINCIPAL MAPIRIPAN DOS | PRINCIPAL MAPIRIPAN DOS;A8:A1:59:99:32:25
17957;20339;PRINCIPAL MEDELLIN DEL ARIARI | PRINCIPAL MEDELLIN DELARIARI;2C:F0:5D:EA:8B:D0
17837;20238;PRINCIPAL MESETAS | PRINCIPAL MESETAS;2C:F0:5D:EA:FE:E5
17965;21152;PRINCIPAL PACHAQUIARO | PRINCIPAL PACHAQUIARO;D8:BB:C1:04:24:43
17959;20362;PRINCIPAL PALMERAS | PRINCIPAL PALMERAS;D8:BB:C1:95:C2:AF
17954;20242;PRINCIPAL PIÑALITO | PRINCIPAL PINALITO;30:9C:23:DC:1F:FF
17784;20221;PRINCIPAL PUERTO CONCORDIA | PRINCIPAL PUERTO CONCORDIA ;00:D8:61:03:23:F9
17788;20204;PRINCIPAL PUERTO RICO | PRINCIPAL PUERTO RICO ;9C:6B:00:19:3A:4B
17772;20321;PRINCIPAL SAN CARLOS DE GUAROA | PRINCIPAL SAN CARLOS DE GUAROA;9C:6B:00:47:F8:8D
17943;21192;PRINCIPAL SAN JUAN | PRINCIPAL SAN JUAN ARAMA;9C:6B:00:46:F4:C3
17958;20340;PRINCIPAL SURIMENA | PRINCIPAL SURIMENA ;94:C6:91:35:45:56
17824;20202;PRINCIPAL VISTA HERMOSA | PRINCIPAL VISTA HERMOSA;1C:69:7A:1C:0D:51
17930;21150;PUEBLO NUEVO | PUEBLO NUEVO;D8:BB:C1:04:23:0B
17031;19685;PUERTA PRINCIPAL  1 | PUERTA PRINCIPAL 1;A8:A1:59:99:32:0D
17054;19686;PUERTA PRINCIPAL  2 | PUERTA PRINCIPAL 2;30:9C:23:28:1C:8A
17785;20295;PUERTO CONCORDIA  PRINCIPAL 2 | PUERTO CONCORDIA PRINCIPAL 2;2C:F0:5D:22:E1:9F
17816;20268;PUERTO LIMON | PUERTO LIMON;2C:F0:5D:EA:F8:64
17813;20228;PUERTO SANTANDER | PUERTO SANTANDER;9C:6B:00:46:F5:38
17798;20246;PUERTO TOLEDO | PUERTO TOLEDO;30:9C:23:DC:1C:26
17867;20229;PUNTA BRAVA | PUNTA BRAVA;A8:A1:59:99:32:1F
17265;20020;REMANSO DE ROSA BLANCA | REMANSO DE ROSA BLANCA;2C:F0:5D:EA:89:26
17300;20046;ROSA BLANCA | ROSA BLANCA;A8:A1:59:99:31:8E
17665;20336;SAI LA AVENIDA | SAI DE LA AVENIDA;A8:A1:59:B0:D7:9B
17019;19942;SAN FERNANDO | SAN FERNANDO;C0:3F:D5:B7:ED:FD
17226;21099;SAN ISIDRO | SAN ISIDRO;A8:A1:59:B0:E5:9A
17839;20206;SAN ISIDRO MESETAS 1 | SAN ISIDRO MESETAS;00:D8:61:03:22:41
17286;20036;SAN JORGE | SAN JORGE ;2C:F0:5D:EB:15:A1
17272;20025;SAN JORGE  | SAN JORGE 2;2C:F0:5D:EA:8C:15
17021;19943;SAN JOSE | SAN JOSE;30:9C:23:28:1E:63
17856;20299;SAN JUAN DE LOZADA | SAN JUAN DE LOZADA;A8:A1:59:66:0E:B7
17225;21107;SANTA INES | SANTA INES ;30:9C:23:DC:1C:2F
17830;20205;SANTO DOMINGO | SANTO DOMINGO ;A8:A1:59:B0:E3:68
2852;20332;SEDE PRINCIPAL ADMINISTRATIVO | NO SIRVE SE QUITO;00:00:00:00:00:01
17266;21125;SESQUICENTENARIO | SESQUICENTENARIO;D8:BB:C1:04:22:64
17022;19947;SIETE DE AGOSTO | SIETE DE AGOSTO;A8:A1:59:78:74:1B
17024;19949;SIETE DE AGOSTO  | SIETE DE AGOSTO 2;2C:F0:5D:EB:00:BD
17926;21149;PERLAS DEL MANACACIAS | PERLAS DEL MANACACIAS;A8:A1:59:B0:E2:01
300591;302739;PILOTO PDV PISO 10 CS10 HARBEY | CS10PRUEBAPDVAHARBEY;00:00:0012:00:00
17057;21106;PIPIRAL | PIPIRAL;2C:F0:5D:EA:8A:92
17970;21193;PLANAS | PLANAS PRINCIPAL;D8:BB:C1:95:C2:B5
17306;20051;PLAYA RICA | PLAYA RICA;D8:BB:C1:95:C1:F7
17064;21119;POLICIA | POLICIA;04:7C:16:B4:3C:1B
17962;21154;POMPEYA 2 | POMPEYA 2;4C:CC:6A:D7:11:D5
17287;20037;SUPER LA  | SUPER LA 33;04:7C:16:B4:3C:90
300015;300035;SUPERGIROS DM | SUPERGIROS;B4:B5:2F:85:55:23
18753;302823;TAT - SP40381608FPARRA | TATSP40381608FPARRA;77:9F:12:E6:0C:27
300552;302708;TAT SP1006697742 YGUTIERREZ 4541 | TAT SP1006697742 YGUTIERREZ;BC:0F:F3:6B:05:E0
18638;20848;TAT SP1006865774 MRODRIGUEZ | TAT SP1006865774 MRODRIGUEZ;F8:B4:6A:B1:92:CD
300012;300027;TAT SP1006874728 VCAPERA | TAT SP86007366YCRUZ  NO SIRVE;79:4D:7F:A4:08:B3
18755;302832;TAT SP1006877107SAHUMADA | TAT SP1006877107SAHUMADA;1F:CE:9E:8F:E6:66
18662;21215;TAT SP1020725666JCARRIL 4184 | TAT SP1020725666JCARRIL 4184;64:51:06:2D:F7:82
300607;302752;TAT SP1026553027GSALAZAR | TAT SP1026553027GSALAZAR;BC:0F:F3:8C:0D:FE
300597;302716;TAT SP1030536363AUBAQUE | TAT SP1030536363AUBAQUE;BC:0F:F3:70:E5:6A
18734;302768;TAT SP1032433355GARDILA 4051 | TAT SP1032433355GARDILA 4051;EE:16:2C:D5:D5:02
300623;302808;TAT SP1035390002JMONTOYA | TAT SP1035390002JMONTOYA;7C:4D:8F:A4:8A:2C
300558;302767;TAT SP1054708466JBUITRAGO 4485 | TAT SP1054708466JBUITRAGO 4485;49:0E:23:BE:EF:04
18747;21201;TAT SP1073152442JCASTI 3553 | TAT SP1073152442JCASTI 3553;54:B2:03:E8:C4:99
300581;302742;TAT SP1073671204ERIOS | TAT SP1073671204ERIOS;BC:0F:F3:70:E5:63
18760;21223;TAT SP1075225206YVERA 4026 | TAT SP1075225206YVERA 4026;54:B2:03:F3:2C:CD
300574;302718;TAT SP1080184705ECARDENAS 4511 | TAT SP1080184705ECARDENAS;84:69:93:6D:02:B2
300624;302794;TAT SP1111203256DVALENCIA   | TAT SP1111203256DVALENCIA;EF:10:E6:49:E6:AE
300617;302757;TAT SP1116803478OPOSADA | TAT SP1116803478OPOSADA;E4:24:D3:33:63:C7
300608;302750;TAT SP1120368724YOSORIO | TAT SP1120368724YOSORIO;BC:0F:F3:6E:E4:06
300625;302801;TAT SP1120371131JMOLINA   | TAT SP1120371131JMOLINA;5C:28:86:1A:A6:C0
18718;302776;TAT SP1120564344LSALAZAR | TAT SP1120564344LSALAZAR;5F:8E:36:30:9B:69
18728;302822;TAT SP1120565574HMONTE | TAT SP1120565574HMONTE;36:2C:9F:32:7D:09
300571;21219;TAT SP1120872602KCASULU  4488 | TAT SP1120872602KCASULU 4488;54:B2:03:F2:CA:FD
18761;21224;TAT SP1121820414NCASTAÑO | TAT SP1121820414NCASTANO 4322;5C:60:BA:56:FB:DC
18763;302763;TAT SP1121825293SGARCIA 3375 | TAT SP1121825293SGARCIA;51:BF:76:68:E6:61
300586;302740;TAT SP1121828213GCASTELLANOS | TAT SP1121828213GCASTELLANOS;96:F8:88:7D:9F:F7
18703;302813;TAT SP1121835010DCURREA | TAT SP1121835010DCURREA;5C:E2:2D:4E:2E:A3
18769;21232;TAT SP1121835607FROA 4416 | TAT SP1121835607FROA 4416;CC:47:40:D7:6A:EB
300578;302795;TAT SP1121835917CROMERO | TAT SP1121835917CROMERO;13:8D:E3:29:9A:D3
18771;21231;TAT SP1121836191EGOMEZ 4405 | TAT SP1121836191EGOMEZ 4405;11:11:11:11:11
18696;302829;TAT SP1121836601YDIAZ 4093 | TAT SP1121958963ADIAZ 4164;43:8E:95:10:23:86
18696;302830;TAT SP1121836601YDIAZ 4093 | TAT SP1121836601YDIAZ 4093;64:8E:95:10:23:86
18764;21233;TAT SP1121855059ERODRIGUEZ 4424 | TAT SP1121855059ERODRIGUEZ 4424;BC:0F:F3:70:E4:AD
18776;21235;TAT SP1121859700EGUERRERO 4421 | TAT SP1121859700EGUERRERO 4421;BC:0F:F3:70:E5:04
18776;302720;TAT SP1121859700EGUERRERO 4421 | TAT SP1121859700EGUERRERO;BC:0F:F3:70:E5:4E
18675;302764;TAT SP1121877506LDIAZ | TAT SP1121877506LDIAZ;8C:47:3C:89:2B:BF
300568;302722;TAT SP1121888890VSANCHEZ 4499 | TAT SP1121888890VSANCHEZ;BC:0F:F3:6B:05:66
18720;302837;TAT SP1121894698LBALLESTEROS | SP1121894698LBALLESTEROS;BC:0F:F3:70:E5:DF
300611;302749;TAT SP1121903138JRICO | TAT SP1121903138JRICO;54:B2:03:E8:80:6F
18731;302769;TAT SP1121911956JOSPINA 4165 | TAT SP1121911956JOSPINA 4165;97:FA:E5:2D:80:E7
300554;302770;TAT SP1121916243KYEPES  | TAT SP1121916243KYEPES;CB:61:F3:E7:64:55
300619;302793;TAT SP1121923560JBAQUERO | SP1121923560JBAQUERO;4B:B4:49:2D:A3:3A
18652;20847;TAT SP1121924397JAGUILERA | TAT SP1121924397JAGUILERA;BC:F:F3:6B:6:67
18715;21227;TAT SP1121927854POSORIO 4124 | TAT SP1121927854POSORIO 4124;7C:4D:8F:A4:3A:72
18759;302761;TAT SP1121940895SCUINTACO | TAT SP1121940895SCUINTACO;2D:F0:F7:4B:39:4A
18668;302804;TAT SP1121954556YTORRES | TAT SP1121954556YTORRES;EC:2D:DE:66:B7:56
18754;302828;TAT SP1121958963ADIAZ 4164 | TAT SP1121958963ADIAZ 4164;43:95:40:DF:41:6D
18750;21207;TAT SP1121967882GCARDONA | TAT SP1121967882GCARDONA;BC:2F:F9:6B:00:63
300594;302748;TAT SP1121969796RDIAZ | TAT SP1121969796RDIAZ;D0:AD:08:1C:72:F2
300622;302806;TAT SP1122652074BROBAYO | TAT SP1122652074BROBAYO;5C:28:86:1A:A6:BA
300575;21208;TAT SP1122652449KSALCEDO 4542 | TAT SP1122652449KSALCEDO 4542;BC:0F:F3:70:E5:A1
300576;302724;TAT SP1123800843PMUÑOZ 4551 | TAT SP1123800843PMUNOZ;BC:0F:F3:6B:06:67
300576;302758;TAT SP1123800843PMUÑOZ 4551 | SP1123800843PMUNOZ;5C:28:86:1A:26:24
18730;21226;TAT SP1124243073YROBAYO | TAT SP1124243073YROBAYO;7C:4D:8F:A4:8A:24
18726;21236;TAT SP11303983JORTIZ  4430 | TAT SP11303983JORTIZ 4430;BC:0F:F3:8C:0E:2A
18676;302726;TAT SP17220865JROJAS 3247 | TAT SP17220865JROJAS 3247;A8:B1:3B:7A:8A:AB
300583;302833;TAT SP17287258LSANCHEZ   | TAT SP17287258LSANCHEZ;8A:F3:D1:22:B8:67
18740;21209;TAT SP17294200 ACALA  | TAT SP17294200 ACALA 4429;BC:0F:F3:8C:0F:93
18737;21229;TAT SP17325101WGUATIVA 4397 | TAT SP17325101WGUATIVA 4397;11:11:01:11:11:11
18727;21203;TAT SP17343285WCAMACHO 3369 | TAT SP17343285WCAMACHO 3369;A8:B1:3B:7A:8A:AD
18749;302762;TAT SP17418369JLESMES 2973 | TAT SP17418369JLESMES;E3:CF:78:2F:F0:6C
18772;21218;TAT SP19200465JSANCHEZ 3549 | TAT SP19200465JSANCHEZ 3549;5C:60:BA:56:FB:DF
300566;302760;TAT SP19254340 HPENUELA 4536 | TAT SP19254340 HPENUELA 4536;32:43:01:4E:4B:DA
300609;21234;TAT SP20632783BMESA | TAT SP20632783BMESA;7C:4D:8F:A4:8A:55
300592;302743;TAT SP21177780MRUIZ 1 | TAT SP21177780MRUIZ;BC:0F:F3:6B:06:06
300573;302717;TAT SP21185176NGARAVITO 4509 | TAT SP21185176NGARAVITO;A8:B1:3B:7A:85:5F
18748;302834;TAT SP21225044 BSILVA 3370 | TAT SP21225044 BSILVA 3370;6E:8B:0B:6A:87:54
300557;302825;TAT SP21236845LVALBUENA 4462 | TAT SP21236845LVALBUENA 4462;13:8C:88:BE:FA:6E
18651;302784;TAT SP28916571MRIOS 3589 | TAT SP28916571MRIOS 3589;5F:FB:99:C5:F0:93
18680;21217;TAT SP3221112 FCHAVEZ 3116 | TAT SP3221112 FCHAVEZ 3116;A8:B1:3B:7A:85:47
18680;302714;TAT SP3221112 FCHAVEZ 3116 | TAT SP3221112 FCHAVEZ;54:B2:03:E8:C5:8F
300627;302800;TAT SP33646192EBETANCOURT   | TAT SP33646192EBETANCOURT;DD:0E:1C:57:A6:C1
18774;3054;TAT SP37580868NARMESTO 4414 | TAT SP37580868NARMESTO 4414;C8:5A:CF:AC:83:6A
18657;21211;TAT SP37821052OVEGA 3641 | TAT SP37821052OVEGA 3641;54:B2:03:F2:CA:94
18657;302713;TAT SP37821052OVEGA 3641 | TAT SP37821052OVEGA;11111
300634;302805;TAT SP39776965JGARZON | TAT SP39776965JGARZON;5C:28:86:1A:A6:F5
18667;302772;TAT SP40216059CGALINDO | TAT SP40216059CGALINDO;D8:3E:D3:D4:41:83
300577;302727;TAT SP40216167DCHACON | TAT SP40216167DCHACON;BC:0F:F3:70:E5:D0
18735;21228;TAT SP40216392ARUIZ 4381 | TAT SP40216392ARUIZ 4381;7C:4D:8F:A4:3B:3A
18687;302741;TAT SP40217703 LTRUJI  | TAT SP40217703 LTRUJI 3058;E6:11:B1:5C:D3:F4
18639;20849;TAT SP40218455 AOSORIO | TAT SP40218455 AOSORIO;54:B2:3:F3:2C:F9
18756;21206;TAT SP40333015LMORENO | TAT SP40333015LMORENO;C8:5A:CF:AC:83:EB
18752;302766;TAT SP40334174VBOHORQ 3465 | TAT SP40334174VBOHORQ;10:2F:D6:C0:5E:0D
300580;302785;TAT SP40366741DSAAD | TAT SP40366741DSAAD;41:98:C2:92:0D:E3
18671;302821;TAT SP40378752OGONZALEZ | TAT SP40378752OGONZALEZ ;AE:F7:D4:B2:4C:C8
18642;302803;TAT SP40380842BACOSTA | TAT SP40380842BACOSTA;24:AE:A7:A7:ED:B2
18664;302831;TAT SP40383705RROJAS | TAT SP40383705RROJAS;CC:54:85:55:4F:A6
18745;21202;TAT SP40397588VCANARIN 3613 | TAT SP40397588VCANARIN 3613;7C:4D:8F:A4:8A:53
18706;302826;TAT SP40399829YREY 4181 | TAT SP40399829YREY 4181;41:88:0A:F5:10:EF
18650;21212;TATSP30054290 LRINCON 3649 | TATSP30054290 LRINCON 3649;22:22:22:22:22:22
18645;302782;TATSP40379019MROMERO 3346 | TATSP40379019MROMERO 3346;FB:C0:C5:B7:AB:77
17849;302707;TC EL JARDIN MESETAS | TC EL JARDIN MESETAS;A8:A1:59:66:0D:2D
300621;302798;SP1120372879 | TAT SP1120372879PDELGADO;D0:AD:08:1C:73:0D
18685;21198;SP1121839079GSANCHEZ 3260 | SP1121839079GSANCHEZ 3260;A8:B1:3B:7A:8A:0B
17833;302799;SP14993451JPINEDA | SP14993451JPINEDA;20:B6:AB:E1:86:B0
18682;302779;SP17313482AGARCIA | 1925;68:6F:CA:58:1E:4C
18682;302818;SP17313482AGARCIA | SP17313482AGARCIA;DB:62:7C:85:E7:EB
17725;302788;SP19337954 SLEIVA | SP19337954 SLEIVA;45:B6:47:60:9F:D0
17691;302792;SP19404656JOLAYA | SP19404656JOLAYA;7B:EB:05:F7:9B:9E
17726;302787;SP21205258 ICORREDOR | SP21205258 ICORREDOR;00:00:00:00:0
17945;302775;SP21234532 MVANEGAS |  SP21234532 MVANEGAS;D3:D2:F1:F8:B1:A3
17789;302814;SP3045925 CBARRAGAN | SP3045925 CBARRAGAN;69:D2:83:54:DB:0E
17878;302817;SP40265797 AACUNA | SP40265797 AACUNA;C6:B0:52:67:E3:A8
17873;302780;SP40361978 LCUBILLOS | SP40361978 LCUBILLOS;96:36:D8:CC:7E:06
17944;302773;SP6671921 JNAVARRO | SP6671921 JNAVARRO;62:90:3A:50:E7:4E
17790;302802;SP7818547 JMEDINA | SP7818547 JMEDINA;E8:32:28:F8:F0:E2
17677;302791;SP7843448 HBEDOYA | SP7843448 HBEDOYA;D0:3E:EA:F2:83:34
17863;302810;SP79849312 DHINCAPIE | CS10;52:24:DB:15:77:66
17870;302816;SP86010008 ECARVAJAL | SP86010008 ECARVAJAL;D9:D5:B7:F2:34:6B
17829;302809;SP86040029 NLINARES | SP86040029 NLINARES;D5:7C:68:DF:F0:2E
17706;20235;TIENDA LA OCTAVA | TIENDA LA OCTAVA ;30:9C:23:DC:22:52
18998;21156;TORRE 33-4411 | TORRE 33;04:7C:16:B4:3C:32
17682;20357;TRANSITO ACACIAS | TRANSITO ACACIAS;A8:A1:59:B0:EA:06
16199;20381;TRANSITO RESTREPO | TRANSITO RESTREPO;30:9C:23:DC:49:46
17298;19670;UNICO | UNICO;1C:69:7A:17:4D:3A
17071;21116;VANGUARDIA | VANGUARDIA;D8:BB:C1:04:22:A9
17687;20346;VIDRIOPINT | VIDRIOPINT;2C:F0:5D:EA:F7:77
17025;19946;VILLA CODEM | VILLA CODEM;30:9C:23:DC:22:37
17299;20045;VILLA DEL RIO | VILLA DEL RIO ;A8:A1:59:99:32:0E
17220;19929;VILLA JULIA | VILLA JULIA;A8:A1:59:66:0E:70
17267;20022;VILLA JULIANA | VILLA JULIANA;70:85:C2:D2:97:38
17718;20306;VILLA OLIMPICA | VILLA OLIMPICA;30:9C:23:9B:14:53
17268;19383;VILLACENTRO | VILLACENTRO;30:9C:23:DC:18:F9
17279;19384;VILLACENTRO 2 | VILLACENTRO 2;A8:A1:59:78:74:BB
17716;20276;VILLAS DE GRANADA | VILLAS DE GRANADA;D8:BB:C1:04:22:A2
17734;20252;VILLAS DE GRANADA DOS 1 | VILLAS DE GRANADA DOS;0
17269;20023;VILLAS DEL PALMAR | VILLAS DEL PALMAR;04:7C:16:B4:3C:83
17714;20309;VILLAUNION | VILLAUNION;2C:F0:5D:EB:03:AA
17398;20149;VIZCAYA | VIZCAYA;11:11:11:11:11:11
17721;20303;TIENDA FRUTIVER | TIENDA FRUTIVER;A8:A1:59:B0:CA:6D
300618;302771;TAT SP40402098CREYES | TAT SP40402098CREYES;F0:D2:4C:E4:83:FA
300618;302765;TAT SP40402098CREYES | TAT SP40402098CREYES;D6:AD:3C:92:B0:DA
18767;21221;TAT SP40402837EBARRETO 3752 | TAT SP40402837EBARRETO 3752;F8:B4:6A:B1:8D:0B
18751;21204;TAT SP40405672DESPINOSA 4151 | TAT SP40405672DESPINOSA 4151;84:A9:3E:07:DC:BA
300553;302710;TAT SP40430886 FGUTIERREZ-4504 | SP40430886;7C:4D:8F:A4:39:E9
18640;302700;TAT SP40446119 NMAHECHA | TAT SP40446119 NMAHECHA;BC:0F:F3:8C:0D:FA
18633;302777;TAT SP42685217DBETANCUR 3762 | TAT SP42685217DBETANCUR 3762;A9:08:09:71:FC:5B
300569;302723;TAT SP52148836LMOLINA 4537 | TAT SP52148836LMOLINA;84:69:93:6D:03:E3
18661;21214;TAT SP52185045NPERDRAZA 4086 | TAT SP52185045NPERDRAZA;BC:0F:F3:6E:E4:A9
18635;302774;TAT SP52271974FFLOREZ | TAT SP52271974FFLOREZ;9D:38:13:16:E2:02
18721;21222;TAT SP52768588DURREA 3782 | TAT SP52768588DURREA 3782;54:B2:03:E8:C4:17
300567;302721;TAT SP52934713CPRIETO 4494 | TAT SP52934713CPRIETO;C8:5A:CF:AC:8D:C6
18768;21225;TAT SP60253721NBAUTISTA 4118 | TAT SP60253721NBAUTISTA 4118;54:B2:03:F2:CB:35
18725;21205;TAT SP68292463JROMERO 4180 | TAT SP68292463JROMERO 4180;A8:B1:3B:7A:8A:E9
300636;302815;TAT SP7181062WCARABUENA 1 | TAT SP7181062WCARABUENA;C8:F3:41:2B:12:FD
18704;21230;TAT SP74751826JAREVALO 4403 | TAT SP74751826JAREVALO 4403;BC:0F:F3:70:E5:D3
18628;21213;TAT SP79611020EACOSTA 4085 | TAT SP79611020EACOSTA 4085;54:B2:03:F2:CB:68
18658;302812;TAT SP79997446MLOPEZ 3645 | TAT SP79997446MLOPEZ 3645;F2:D4:F6:59:9E:7B
300598;302754;TAT SP86007366YCRUZ 1 | TAT SP86007366YCRUZ;7C:4D:8F:A4:88:B3
300570;302715;TAT SP86043139RSALAMANCA 4498 | TAT SP86043139RSALAMANCA;A8:B1:3B:7A:8A:A0
18690;302789;TAT SP86047103EMORENO | TAT SP86047103EMORENO;A9:EA:05:1D:BF:BC
18646;302796;TAT SP86050879YGARCIA 3626 | TAT SP86050879YGARCIA 3626;B0:DC:54:E6:2D:31
300596;302747;TAT SP86060086OPARRADO | TAT SP86060086OPARRADO;7C:4D:8F:A4:8A:42
18722;21199;TAT SP86060980 HAGAMEZ 3072 | TAT SP86060980 HAGAMEZ 3072;54:B2:03:F3:2D:51
18659;20837;TAT SP86062141YPINEROS  | TAT SP86062141YPINEROS ;BC:F:F3:8C:E:1F
300631;302824;TAT SP86064088OBONILLA | TAT SP86064088OBONILLA;85:61:8F:25:8A:15
18669;302827;TAT SP86068128HREINA | TAT SP86068128HREINA;59:91:38:16:D2:03
18665;302820;TAT SP86073204JSALINAS | TAT SP86073204JSALINAS;FA:DB:67:31:33:E8
300646;302835;TAT SP86083768LCALDERON | TAT SP86083768LCALDERON;E9:50:72:D7:76:7C
18656;302836;TAT SP900750534SIPAGA 4170 | TAT SP900750534SIPAGA 4170;4A:07:82:6D:29:0A
